Term,Category
changing climate,Climate Change
climate change,Climate Change
climate crisis,Climate Change
climate justice,Climate Change
environmental justice,Climate Change
fossil fuel,Climate Change
global warming,Climate Change
address diversity,DEI
advance diversity,DEI
advancement diversity,DEI
advances diversity,DEI
advancing diversity,DEI
apartheid,DEI
attendee diversity,DEI
bolster diversity,DEI
broaden diversity,DEI
broadening diversity,DEI
broadens diversity,DEI
campus diversity,DEI
center diversity,DEI
cohort diversity,DEI
commitment diversity,DEI
committed diversity,DEI
criminal justice,DEI
critical race theory,DEI
cultural diversity,DEI
cultural equity,DEI
DEI,DEI
DEIA,DEI
DEIB,DEI
DEIJ,DEI
digital equity,DEI
disadvantaged minorit,DEI
diverse applicant,DEI
diverse audience,DEI
diverse background,DEI
diverse biologist,DEI
diverse candidate,DEI
diverse chemist,DEI
diverse cohort,DEI
diverse collaborator,DEI
diverse communities,DEI
diverse cultur,DEI
diverse faculty,DEI
diverse graduate,DEI
diverse inclusive,DEI
diverse individual,DEI
diverse investigator,DEI
diverse leader,DEI
diverse learner,DEI
diverse people,DEI
diverse personnel,DEI
diverse postdoc,DEI
diverse predoc,DEI
diverse researcher,DEI
diverse respondent,DEI
diverse scholar,DEI
diverse scientist,DEI
diverse stem,DEI
diverse student,DEI
diverse talented,DEI
diverse team,DEI
diverse trainee,DEI
diverse undergraduate,DEI
diverse volunteer,DEI
diverse workforce,DEI
diversification workforce,DEI
diversify workforce,DEI
diversity inclusion,DEI
diversity leader,DEI
diversity program,DEI
diversity recruit,DEI
diversity stem,DEI
diversity supplement,DEI
embrace diversity,DEI
embraces diversity,DEI
embracing diversity,DEI
encourage diversity,DEI
encouraged diversity,DEI
encourages diversity,DEI
encouraging diversity,DEI
engage diverse,DEI
engage diversity,DEI
engagement diverse,DEI
engagement diversity,DEI
engaging diverse,DEI
engaging diversity,DEI
enhance diversity,DEI
enhanced diversity,DEI
enhances diversity,DEI
enhancing diversity,DEI
equit,DEI
ethnic diversity,DEI
ethnic equit,DEI
ethnic segregation,DEI
ethnically diverse,DEI
expand diversity,DEI
expanding diversity,DEI
expands diversity,DEI
faculty diversity,DEI
graduate diversity,DEI
graduates diversity,DEI
HBCU,DEI
health equit,DEI
health inequit,DEI
hispanic serving,DEI
historically black,DEI
HSI,DEI
improve diversity,DEI
improved diversity,DEI
improves diversity,DEI
improving diversity,DEI
inclusion diversity,DEI
inclusiv,DEI
increase diversity,DEI
increased diversity,DEI
increases diversity,DEI
increasing diversity,DEI
increasingly diverse,DEI
inequit,DEI
justice,DEI
lack diversity,DEI
latinx,DEI
leadership diversity,DEI
leading diversity,DEI
member diversity,DEI
members diversity,DEI
minorit,DEI
monitor diversity,DEI
need diversity,DEI
office diversity,DEI
openness diversity,DEI
oppression,DEI
PEDP,DEI
postdoc diversity,DEI
postdoctoral diversity,DEI
program diversity,DEI
progress diversity,DEI
promote diversity,DEI
promotes diversity,DEI
promoting diversity,DEI
promotion diversity,DEI
racial discrimination,DEI
racial diversity,DEI
racial equit,DEI
racial segregation,DEI
racially diverse,DEI
racism,DEI
racist,DEI
recruitment diversity,DEI
recruitment plan,DEI
residential segregation,DEI
RPED,DEI
scientists diversity,DEI
staff diversity,DEI
stem diversity,DEI
structural racism,DEI
student diversity,DEI
students diversity,DEI
support diversity,DEI
supported diversity,DEI
supporting diversity,DEI
supportive diversity,DEI
supports diversity,DEI
systemic racism,DEI
talent diversity,DEI
train diverse,DEI
training diverse,DEI
underrepresent,DEI
underrepresented group,DEI
underrepresented minorit,DEI
underrepresented population,DEI
underrepresented student,DEI
URM,DEI
user diversity,DEI
values diversity,DEI
workforce diversification,DEI
workforce diversity,DEI
assigned birth,Gender
assigned female birth,Gender
assigned male birth,Gender
birthing people,Gender
birthing person,Gender
gender,Gender
gender affirm,Gender
gender confirm,Gender
gender confusion,Gender
gender difference,Gender
gender disparity,Gender
gender dysphoria,Gender
gender equit,Gender
gender expression,Gender
gender fluid,Gender
gender identity,Gender
gender minorit,Gender
gender nonbinary,Gender
gender sex,Gender
genderqueer,Gender
lactating individual,Gender
lactating people,Gender
lactating person,Gender
LGB,Gender
LGBT,Gender
neovagina,Gender
phalloplasty,Gender
pregnant individual,Gender
pregnant people,Gender
pregnant person,Gender
puberty blocker,Gender
queer,Gender
sex assigned,Gender
sex gender,Gender
sexual gender,Gender
sexual gender minorit,Gender
sexual minorit,Gender
SGM,Gender
transfeminine,Gender
transgender,Gender
transmasculine,Gender
transphob,Gender
transsexual,Gender
vaginoplasty,Gender
disinform,Misinformation
malinform,Misinformation
misinform,Misinformation
accept vaccin,Vaccine Heistancy
acceptance vaccin,Vaccine Heistancy
refusal vaccin,Vaccine Heistancy
refuse vaccin,Vaccine Heistancy
vaccination acceptance,Vaccine Heistancy
vaccination hesitan,Vaccine Heistancy
vaccination refusal,Vaccine Heistancy
vaccine acceptance,Vaccine Heistancy
vaccine hesitan,Vaccine Heistancy
vaccine refusal,Vaccine Heistancy
